Features,Weights
Difference,0.0003293018671683967
Total Costs,0.0002146586775779724
